repo_name,easy_file,hard_file
gomidi/midi,v2/message.go,v2/smf/reader.go
gomidi/midi,v2/message.go,v2/listen.go
luci/luci-go,deploy/service/ui/asset.go,deploy/service/model/entities.go
luci/luci-go,deploy/service/ui/asset.go,deploy/service/model/op_begin.go
luci/luci-go,deploy/service/ui/asset.go,deploy/service/model/op_end.go
rootulp/exercism,go/grep/grep.go,go/poker/poker.go
rootulp/exercism,go/pig-latin/pig_latin.go,go/diamond/diamond.go
rootulp/exercism,go/grep/grep.go,go/diamond/diamond.go
rootulp/exercism,go/rectangles/rectangles.go,go/diamond/diamond.go
rootulp/exercism,go/pig-latin/pig_latin.go,go/poker/poker.go
rootulp/exercism,go/rectangles/rectangles.go,go/poker/poker.go
hajimehoshi/ebiten,internal/glfwwin/win32init_windows.go,internal/glfwwin/api_windows.go
hajimehoshi/ebiten,internal/glfwwin/win32window_windows.go,internal/glfwwin/api_windows.go
